BlendProperty1,BlendProperty2,BlendProperty3,BlendProperty4,BlendProperty5,BlendProperty6,BlendProperty7,BlendProperty8,BlendProperty9,BlendProperty10
0.0030821655,-0.21223587,0.6986085,0.4882394,1.055637,0.47164854,0.6873455,0.35610515,0.081689715,0.26039806
-0.4470701,-1.258273,-1.2250781,0.13375072,-1.1132768,-0.5577235,-1.1937003,-1.2859191,-0.40086666,-0.2215287
1.9468024,1.5924574,1.3069531,1.1462091,0.558059,1.2507359,1.3050102,1.8484904,1.166969,2.2162642
-0.10758651,0.0724343,0.5005132,-0.057896297,1.0904938,-0.38245606,0.49923876,0.4148304,0.47364885,-0.81287193
0.12097441,-0.4358162,1.0968649,0.2504571,1.456973,-0.118247084,1.1020142,0.07489199,-0.6202339,0.7813501
-1.7951922,-1.848064,0.12617332,-1.7963797,0.27682835,-1.6565964,0.14509471,-0.3806066,-0.81597084,0.15164374
1.0005808,0.5550857,-0.12805417,-0.07100176,0.20457685,0.43276396,-0.15327771,0.30339116,1.1442384,0.08435456
2.1939895,1.2729516,0.81218207,1.2507458,-1.2143368,1.7707645,0.8029823,0.6711636,1.3086426,0.60694605
1.5566742,0.83483464,0.926462,1.7547247,0.3064925,1.1087825,0.94933623,0.4722839,1.3144083,1.0155584
-1.2390027,-0.5802621,-1.6269511,-0.8340919,-1.5337945,-0.8899741,-1.5981936,0.88566554,0.06941248,-0.86380947
-0.0718966,0.5590568,1.1278828,0.5835131,0.507795,-0.53303105,1.121743,0.22045362,-0.2942739,1.066069
1.2411861,0.75173604,0.8986419,-0.056977052,0.28662264,0.86680084,0.8550433,1.0982796,0.024883961,1.1242399
0.53683627,0.06550005,1.1433461,0.0890896,-0.6920152,2.5770352,1.1756765,0.5828768,1.1458867,1.7175698
-0.76563144,0.91045904,0.87988997,-0.5899253,0.7829691,-0.85312366,0.87683684,0.036937986,-1.0792084,-0.19562855
1.1065154,2.1210454,0.47310254,1.1722722,0.3163475,0.9976005,0.47155306,1.1755612,1.1159512,-0.38626224
-0.23216416,-1.1959224,0.72985244,-0.9294611,0.9051532,-1.0480096,0.75500774,-0.25542903,-1.4731017,0.17289767
-1.3609974,-1.5410928,-0.084200844,-1.6994393,-0.14702447,0.019163355,-0.07672952,-0.8984663,-0.7771101,-1.5380813
0.03487876,-0.248159,0.1923835,-0.73356676,0.7466887,-0.4831726,0.193774,0.5597556,0.08819876,-0.8914799
0.330568,-0.8219474,1.0491318,-0.53296286,0.1901091,-0.94379497,1.0422515,1.0631349,-1.0528916,1.320853
-0.3732486,-1.4913126,0.2724678,-0.8245732,0.20066123,-0.5544272,0.26722655,0.011553664,-1.4211504,-1.4011141
-0.57386774,-2.187442,0.7943318,-0.53960794,1.1014351,-1.0524329,0.7675961,0.1810867,-0.90391916,0.6609383
0.6584765,1.1293682,0.35066193,1.6935232,0.17234746,0.9394793,0.31859547,1.1160089,0.7681273,1.3467349
1.2360353,1.5871631,0.919742,1.0013961,0.23716503,0.45826656,0.9261816,0.7034821,0.6833038,1.3962307
0.4870758,0.52879715,0.31528154,0.34633222,-0.77382225,0.1602845,0.27497035,-0.51221937,0.06695716,-0.022147715
-1.3164268,-1.0114129,-0.38427806,-1.0069458,-0.10998292,-0.5628265,-0.39442572,-1.2688451,-0.27866572,0.08339063
-0.6218191,-0.015022326,0.0037409216,-0.5062814,0.22365777,0.0037315744,0.01141354,-1.1113144,0.20326573,-1.1696361
0.54043764,0.671664,-0.28682435,1.1050472,-1.0234463,0.062435687,-0.25909016,0.07472275,0.51517093,-1.1682512
0.0038792025,-0.28657788,-0.5436388,-0.45610017,-0.6691936,-0.14048983,-0.5788329,-0.844085,0.18874909,0.65084296
-1.0318699,-1.3683767,-0.3469893,-0.56251234,-0.16800861,-0.39467362,-0.3586544,-0.680742,-0.94335234,0.33227524
-0.051903445,0.12686403,-0.89126277,-0.69027245,-1.4437122,0.07999464,-0.88415045,-1.1799258,-0.4169194,-1.5954164
-1.2399082,-0.13685171,-0.18476658,-0.7319396,0.6419311,-1.29245,-0.23278396,-0.08953013,-1.7941997,0.7213486
-1.3930547,-0.7412309,-0.45847708,-0.98107535,0.5400608,-1.5124072,-0.49333602,-0.46063757,-1.4496213,0.39176184
0.6475178,0.18398896,-0.45037568,0.36173254,-0.059313852,0.13972108,-0.46518832,0.1421068,0.93013996,-0.12612106
0.62393725,1.0405478,0.28378576,0.16421878,-0.31806538,0.29887226,0.2696566,1.0904115,0.186718,-0.3336737
-0.9196288,-1.1050178,-0.3989999,-0.9593795,0.176948,-0.79494476,-0.4075179,-1.0131053,-1.4636751,0.18576388
1.5418673,0.6034167,0.43186724,0.6128646,-0.0688123,0.8139543,0.39204565,1.1335198,0.10020747,0.54724216
0.34465545,-0.22531316,-0.62753993,-0.021476945,-0.6817611,0.4519375,-0.6656634,-0.39203858,1.3236526,-0.025432244
0.41268688,0.58291996,0.23022766,0.98969156,0.7185709,0.79685193,0.22822037,0.16451813,1.4307332,-0.4321468
-2.2151542,-1.4605108,-0.35049304,-1.473099,0.2703649,-0.4539969,-0.34594104,-1.1511115,-0.9588402,0.43482882
0.2907326,0.6921467,0.41110286,-0.25135747,0.58862704,0.08769955,0.41172895,0.25180107,0.4871601,-0.6032507
1.6482093,1.4805489,1.577916,1.4952512,1.0628877,1.9156613,1.5880041,0.87897503,1.3828647,1.638347
1.8111582,0.8846454,0.6152609,0.60702175,-0.41227302,1.0072372,0.60878974,1.0457009,1.6465703,2.167996
-1.5398619,-0.24386807,-1.2383513,-1.7668921,-0.652185,-0.45125467,-1.2550008,-2.2667966,-0.50596404,-1.6501123
1.3157754,0.9177249,0.38581097,1.1008214,0.39756885,0.5499585,0.37291217,1.7543836,0.2609461,0.116428114
-0.6284307,-0.73175335,0.28135762,-1.614501,0.027345937,-0.8737902,0.22021243,-0.5260113,-1.6912229,0.5949632
0.73513293,0.9942637,0.46184802,0.7359407,1.1884362,0.4171433,0.48602423,0.42030925,0.5762544,-0.86735886
-1.2517917,-1.4505718,-0.69613075,-1.5120448,-0.24258667,-1.7800595,-0.70004946,-0.6372538,-1.5628439,-0.18047948
-0.33428708,-0.085898235,-0.7031369,0.030563949,-0.6504521,-0.071077,-0.69161147,-0.06480802,0.507029,-0.7275358
-0.17052984,-0.8393097,0.5852582,0.07657468,0.0549995,-1.0387049,0.5835959,-0.08095752,-0.9917743,-0.016758746
-1.92629,-1.4683918,-2.2709346,-1.1689212,-0.70686746,-2.0716293,-2.2678862,-2.2077868,-2.0917938,-1.8583024
1.6246469,0.5304866,1.7301595,0.67773485,0.44467443,-0.27229568,1.7489547,0.3247488,-0.31175154,1.8879528
0.19531496,0.78432196,1.5271045,-0.09912711,0.7752567,1.0784972,1.5375105,0.55519956,0.21445598,-0.689598
-0.2514939,0.16237435,-0.535209,-1.1018479,0.13031797,-0.2719726,-0.5377377,0.64684695,0.5779488,0.19881016
1.4686615,0.6623567,0.4540988,0.5445143,0.9911682,-0.16142136,0.4591528,0.4881578,-0.55981994,2.2799587
0.7277331,0.53989625,0.26038152,0.28274077,0.3935669,1.1680449,0.27145848,0.06780099,1.206724,-0.43533495
0.8557325,0.4543587,0.5644784,0.38279355,0.39222112,-0.07584596,0.5977083,0.6522644,-0.08077888,-1.0054439
0.017537132,0.4165688,0.6331117,0.5502408,0.3302065,0.92860776,0.64160067,0.507082,0.74391544,0.85104
-1.7559347,-0.89045656,0.2809404,-0.9339552,0.41274795,-0.91307235,0.26336533,-0.6176043,-1.3934011,0.1797366
-0.3671143,0.43303213,0.02992177,0.61652637,-0.37261766,-0.75996333,0.046998534,-0.34154725,0.40944287,-1.7247266
-0.44154984,-0.926624,0.6458669,-0.9417709,0.29933771,-1.0923185,0.6105546,-0.9330888,-0.91219807,0.8252118
-0.33647722,-0.4853368,-1.3981043,-0.8647499,-0.1502013,-1.3060917,-1.3515558,-0.37256205,-0.90914994,-1.0238135
-0.09193656,-1.3432509,-0.4030452,-0.43625745,-0.34027973,0.5888844,-0.40029407,-1.0351316,0.89143014,-0.9444158
1.5627565,0.8587534,1.0367198,1.5627506,0.28975073,0.9901268,1.0301651,0.89838517,1.4660413,1.1714593
-0.41079494,-0.34528747,0.4388448,-0.42862952,0.15853284,-0.6393041,0.44281402,-0.2954377,-0.95498884,-0.2575207
-0.53391325,-0.82769686,0.5717001,-0.892973,1.2043842,1.0388193,0.57192564,0.14449885,0.8468349,-0.9526145
0.34698042,-0.6350675,-0.056587256,-0.33449176,1.3430184,-0.22334869,-0.087660775,-0.27897573,0.8393383,0.1423626
1.2143471,1.8424468,1.0839841,0.52440965,0.33510348,1.4881779,1.0707779,1.0478507,0.96659774,0.7602299
-0.7625727,-1.031965,-0.90172964,0.21599291,-1.2866755,-0.95970476,-0.88061196,0.0120899435,-1.0098646,-0.7298676
1.522718,1.6698098,0.85571575,0.94251436,-0.048101258,0.6348202,0.8654477,0.79812694,0.2192528,1.8927901
0.010907793,-0.6180327,0.10510647,-0.18131389,0.3272765,-0.7259755,0.08519177,-0.20750637,-0.069909416,0.5829043
-0.3133638,-0.2733763,0.048391182,0.17781726,-0.47823077,-0.79772896,0.034275297,-0.16041589,-0.38990647,0.7146839
0.39825386,0.2678179,-0.15701593,0.4265856,0.5469722,1.1694514,-0.15405321,0.6318616,0.43993112,-0.9996492
0.3370626,0.7509972,1.644174,-0.2745388,0.24853861,1.3652657,1.6549067,0.9041895,0.22156473,1.367717
1.8773427,1.1267008,0.909761,0.9570015,0.46973348,0.2484541,0.9301822,1.3816053,0.8085129,2.2362053
1.3166113,0.5299415,-0.08411519,0.78298175,-0.25089487,0.4344315,-0.058999926,0.7288904,0.7685,0.28186843
-0.5721738,-0.17117679,-0.7520342,-0.5687159,0.10472059,0.21104045,-0.76043993,-0.3371963,0.24399431,-1.0377142
-0.2803246,0.085379444,0.5314825,-0.8314233,-0.45838007,-0.39487812,0.5301743,-0.47284728,-0.6193484,-0.94984484
0.7904493,0.7653789,1.3175167,0.37304455,0.31553307,1.6628681,1.3084735,1.7950835,0.6884751,-0.108561404
1.2085063,0.9417962,0.43865213,1.0144625,0.15321107,0.8103712,0.40409324,0.78369635,1.2146149,0.11548696
0.5787303,0.67381287,-0.69732046,0.7834042,-0.90943646,0.312891,-0.6730749,-0.18011186,1.565642,0.5959354
-0.027131733,0.5328579,0.80541706,0.36412224,0.11817022,-0.1709565,0.8264316,1.088879,-0.36461854,1.261362
1.1179283,1.3545793,0.78376704,0.73090065,0.92936474,0.38497338,0.7845359,0.58912796,0.06857394,-0.27627245
-0.69574505,-0.12734787,0.19576566,-0.71641314,-0.064263456,-0.5710525,0.17178346,-0.09390973,-0.055919807,0.1584469
1.3176453,0.8473083,1.0831418,0.6495134,0.29662046,1.474401,1.1030027,1.3636857,0.36905497,0.38635904
-0.27497807,-0.43443343,-1.3787128,-0.9655817,-0.3187674,-1.7621585,-1.3732141,-1.418979,-0.7312235,-0.54768336
-0.15725754,-0.559135,0.42444018,-0.6491837,0.27847838,-0.66276914,0.39983234,0.11377022,-1.0539378,0.9547435
-0.8012233,-1.1748899,0.45961738,-1.0735892,0.9900581,0.10803447,0.47218806,-0.60983634,-0.35928202,-1.4371281
-0.8182659,0.13487934,0.15787919,-0.22443716,-0.22640221,-0.46417022,0.15550411,0.25130653,-0.35802695,-0.41286615
-0.4246986,-0.8185203,-0.13911197,-0.5227859,0.30326974,-0.7965622,-0.14484425,-0.7803807,-0.78949314,-0.7799034
0.75995684,-0.95579195,0.45962447,0.4115408,0.77430147,-0.44605103,0.46596617,0.29612023,-1.0067861,0.8402949
-0.7062089,-0.5865853,-0.8154103,-0.40417647,-0.25347105,0.19472499,-0.8212273,0.22915015,1.2712916,-1.4144388
-1.2985952,-0.42109245,0.03986469,-1.1019621,0.010343018,-1.1777827,0.07293008,-1.3445288,-1.3306378,-0.7042418
0.11127482,-0.6449024,1.2350749,0.87936836,0.021089952,-0.11705807,1.2341969,0.53225285,-0.4075959,0.9465129
1.7174602,1.0334003,0.901424,0.7584846,0.06908323,0.3537369,0.8979951,0.8492633,1.2802093,2.0902264
0.78247017,0.85902035,-0.42222443,0.66065985,-0.11462084,0.849645,-0.39885277,0.5833622,1.0269302,-0.9266277
-1.4695802,-1.3969185,0.034025777,-1.4157567,1.4874476,-1.8000579,0.029544547,-0.27531934,-1.5310233,-0.2115516
0.36614877,-0.03217942,0.16440557,-0.0005883011,0.77116305,-0.430074,0.13653484,-0.2006176,0.060629655,-0.7606365
-0.7466346,-0.5321226,0.17845435,-0.9635819,-0.41531384,-1.3343812,0.15780628,-0.6429471,-0.61532336,-0.10849984
-0.72732484,-0.5562514,-1.7326769,-0.5171658,-0.52024716,-1.0062743,-1.708219,-1.0054618,-0.12887916,-0.5859033
-0.19343905,-0.31388995,-0.04315459,0.4292853,1.0555153,-0.2418497,-0.07132719,-0.107437894,-0.61512405,-0.48435688
-1.378483,-1.4457523,-1.3815216,-1.5458426,-0.050504692,-0.9796257,-1.3675584,-2.270503,-1.0600181,-0.27761152
-0.73894835,-1.0055815,-0.30176237,-0.5706249,-0.45912677,-0.27485687,-0.29431,-0.4772874,-0.004048534,0.08707467
-1.9065285,-1.6456772,-1.7140589,-1.8613718,-1.1821246,-1.2654895,-1.7208285,-1.70061,-1.3608104,-1.6668026
-0.53042525,-1.37098,0.931959,-0.55897105,0.47806326,-0.36651507,0.9184787,-0.91490144,-0.91141266,0.14702037
0.47060347,0.4558292,0.7623174,0.8529864,0.6161805,0.11600352,0.787517,0.86914706,-0.32502952,0.50048524
0.5111913,0.74122053,-1.2604132,0.33828944,-2.1431277,0.47661275,-1.2275947,-0.21773784,1.1502516,-0.45464158
-0.64399946,-0.9633663,-0.2161345,0.32811776,0.7730499,-0.5863937,-0.18364662,-0.37295198,-0.5643423,-1.3451924
-0.63653404,-0.23777156,0.098388165,-0.39461917,0.054689012,0.033411246,0.07687393,-0.47742313,-0.94997317,0.16662711
0.16085163,0.16588305,0.7944249,0.18267243,1.3730079,-0.434313,0.7759913,0.010484576,-1.1877967,0.9821171
0.4716311,0.088210925,-0.65651464,0.61987716,-0.7149186,0.84165263,-0.643016,-0.81952435,0.9521365,-0.41908917
0.24173078,-0.07802561,1.5001671,0.8783926,-0.2838081,-0.41829967,1.5057111,0.8615375,-0.10393834,1.3978386
0.8757639,0.62372535,0.3691001,0.117927484,0.3373977,0.6998403,0.36266986,0.48324805,0.61771363,1.476164
0.3101954,-0.27002427,-0.4281327,0.44261736,0.43276414,-0.43546626,-0.45575723,-0.05892871,-0.28891066,-0.4262738
-0.24278298,-0.83105254,-0.84850323,-0.4470294,-0.60101783,-0.4641649,-0.8620304,-1.6524836,-0.29203415,0.014494854
1.2738371,0.6894966,-1.2157634,0.6294706,-0.57002276,1.370577,-1.2327132,0.46407956,0.97039,-0.06664424
-0.5935608,-0.18537797,-0.7399749,-0.38225612,0.735967,-0.9775586,-0.7015836,-0.1951246,0.16119194,-0.9641153
-0.5329212,-0.10186075,-1.1179427,-0.8370618,-1.0970478,-0.03315446,-1.0699596,0.1261643,0.07006176,-0.95020527
0.13791957,-0.21376406,0.63449824,-0.3505844,0.2674401,0.8961908,0.63403285,-0.24416406,0.71736,-0.5069346
-0.97797066,-0.8158355,-2.0312696,-0.028442826,-1.6457438,0.29264584,-2.0180192,-0.6726926,0.9543125,-1.4360058
0.6093743,0.5503236,0.70871615,0.65619665,0.7027946,0.40893,0.70880634,0.4642716,-0.40605244,0.26067692
0.046473786,0.09036118,0.40494707,0.6187942,-0.83601564,0.9538886,0.40550515,0.6426978,1.3358161,0.3958651
-0.62290287,-0.7701258,0.054307673,-1.1192869,0.34720662,-0.99656695,0.054612003,-0.53770727,-0.9332941,0.8027533
-0.13551313,-0.46498945,-0.39918166,0.006201168,0.4077131,0.20880282,-0.39288864,-0.0715248,0.4686373,-1.1840513
-0.66377646,-0.6360914,-1.0568864,-0.8690194,-0.19106767,-0.7256244,-0.99456507,-0.91610336,-0.64749134,-0.908564
-1.8392186,-2.154961,-2.059546,-1.6315924,-0.6755384,-2.2521582,-2.0584223,-1.3831882,-0.91580003,-0.18108894
1.1310291,0.99377626,-0.15384087,-0.62289566,0.266836,1.2046039,-0.14363176,0.4439484,0.15029062,0.25303137
-0.7338135,-1.621932,1.1266193,-0.3980697,1.1296984,-1.6006515,1.1272931,0.27856022,-1.2121063,0.21870969
0.3926976,0.53368056,-0.9934728,0.62090313,-1.3793473,-0.02778529,-0.9759674,-0.90332055,1.106553,-1.039083
-0.39415255,-0.898926,0.24607787,-0.571758,-0.030980207,-0.21212506,0.20651422,-0.6008711,-1.1327045,0.052017704
1.4747398,1.3785297,0.90368336,2.247302,0.9853651,1.8336885,0.93066144,0.45865124,1.0936112,0.27108088
2.4017994,1.9735422,1.5243514,2.113593,0.17957503,2.2766259,1.5192044,2.1399693,1.9702538,1.0289141
1.0709505,1.4489741,0.8130243,1.9566215,-0.13511774,1.0525999,0.8375249,1.1404232,1.4071845,-0.065709725
0.03536039,1.4862145,-0.7727933,1.0062935,-0.5355906,0.697556,-0.76414704,-0.6778906,0.7313725,-1.312582
-1.171673,-1.434043,0.392243,-1.3879753,-0.28172907,-0.798603,0.38284415,-0.28827024,-0.9590082,0.50726604
-0.43855473,-0.08679225,-1.3450109,0.19151537,-1.1108052,0.5961656,-1.3471111,0.31604344,0.94116515,-0.18649206
0.46012703,-0.4533171,0.34830296,0.22822276,0.6372155,0.5641587,0.34512904,0.34636968,0.64899284,0.22248629
0.0033546574,-0.6604284,0.61409444,-0.74525154,0.9596521,-0.34732336,0.61115766,-0.07680173,-1.5612082,0.7875547
1.6717653,0.21915701,0.28879976,1.3617809,0.42041078,0.63145435,0.2989382,0.22043325,0.6255979,1.4766247
-0.17097493,-0.5210741,0.46797398,0.16722843,0.7404833,-1.1633657,0.44563144,-0.109850764,-0.9533342,-0.31902763
-0.7449067,-0.41126826,0.5099598,-0.99638414,0.43629202,0.06907037,0.54080933,0.7115539,0.18747063,-0.010371503
0.46097654,-0.23953307,-1.126833,0.26015386,-0.15650502,-0.89507294,-1.1261783,-0.2872342,-0.280648,-1.1179687
-0.9121915,-0.6318487,-1.584149,-1.4148645,-1.166704,-0.7144087,-1.5685211,-0.19562298,0.3293243,-0.7643277
1.1138451,0.90241355,0.31725648,0.8573987,-0.29305378,0.38812223,0.29742345,1.1974317,0.7245575,1.3706281
-0.44987047,-0.3404038,0.078739405,-0.40091383,1.0369629,-0.36433753,0.045427583,0.42089486,-0.67415506,-0.4093286
0.9922709,1.2681184,0.33546352,0.4033372,0.43317926,1.0554295,0.3313262,0.5198506,1.7860341,2.496763
0.0017409753,0.6211246,0.37675798,0.37313372,0.16821283,1.3633746,0.39189658,0.2989828,0.41068083,-0.1919078
-0.31996107,0.5440892,-0.14855598,-0.22125255,0.26004556,0.18427582,-0.13390934,-0.4514982,0.03438495,-0.58679754
1.3102481,1.3120633,-0.17547807,1.4097904,0.14110221,1.1319331,-0.17119598,1.2808261,1.1797441,0.4964363
-2.4881592,-1.5268441,-1.6511325,-1.735394,-0.35350156,-1.1435598,-1.6493039,-1.6868026,-0.52927756,-0.243469
1.3488045,1.2427588,-0.3608569,0.21184544,-0.72362113,1.2956795,-0.37675607,0.3753386,1.3756909,-0.3316929
-1.1108134,-0.32942018,0.050343376,-0.87552357,0.74079037,-0.92029876,0.061939016,-0.8142759,-0.7721695,0.19116427
-0.7428393,0.24132517,-0.29270363,-0.6430325,0.18950394,-0.22815795,-0.3009875,-0.5270554,-0.9067146,-0.8940501
0.36649382,0.42754456,-1.1462448,-0.10384471,-0.6664345,-0.5248789,-1.1717631,-0.5976054,-0.18139888,0.7624576
1.5844991,1.3486354,0.74651104,0.97898203,0.31727567,1.4793885,0.73140174,1.8709986,1.9834127,0.5624771
0.90275484,0.4159456,0.6537253,0.372369,0.21080422,0.16587554,0.6412548,1.2582481,0.33307716,0.5223588
0.97042054,0.08555238,-0.62897795,0.7754234,-0.9882957,0.20723142,-0.66420454,0.58383316,1.5977942,0.5253119
0.1976011,0.054421484,-0.093869984,0.5987625,0.22168526,-0.6936902,-0.08567261,0.44170755,0.2871039,1.1953772
-0.81142366,-0.96244806,-0.122615084,-0.520228,0.761759,0.07794751,-0.10989031,-0.46800852,0.910166,-0.050414525
-0.65493584,-0.665811,0.21210371,-0.33541864,-0.38040096,0.50468296,0.21130502,1.0486093,0.10505509,-0.51170504
0.9702114,0.5517593,0.940725,0.17343745,-0.11462215,0.13175574,0.96812356,0.1892936,-1.1311353,-0.6938103
0.40172705,-0.8016516,-1.6645648,0.4858027,-1.0226514,-0.24845639,-1.6401819,-0.33766514,0.3692501,-1.5185013
0.765684,1.7530928,0.49907818,1.19354,-0.049456004,1.026895,0.4879903,1.0486814,1.322543,1.7948587
-0.46586707,-0.5835473,0.7332051,0.087251514,1.1069771,-0.9338398,0.70947224,0.40637147,-1.8932228,0.54713887
0.64248914,-0.52261645,-1.4144226,0.3486771,-0.33734015,-0.7331022,-1.4100628,0.12255333,0.07640134,-0.93149745
-0.83655334,-1.1615491,-0.582763,-0.6835811,0.05261144,-0.009821696,-0.59269917,-0.9690544,-0.44596016,-1.3386765
-1.6135685,-1.4241716,-0.1788314,-1.7585613,0.75289196,-0.756465,-0.1892553,-0.094335675,-0.52817434,-1.470002
-0.62933373,-0.15900543,1.0637401,-0.12010622,-0.18092191,-0.8308709,1.0726906,0.17307645,-1.380358,0.45194787
0.32135394,-0.009184951,0.7559389,-0.9943781,0.5868629,0.7062744,0.7383714,-0.45307022,-0.823023,0.15350679
0.2915544,-0.2415846,-2.1884837,0.5898651,-1.2189134,-0.37259388,-2.1716037,-0.3473423,0.0053241025,-1.3639251
0.18669108,1.0370753,0.47843134,0.8174516,0.16795196,0.65243036,0.49504665,0.7177248,0.79069084,-0.54669935
-0.29021454,-0.9144387,-0.5417509,-0.163367,-0.019341882,0.5219628,-0.54529256,-0.120971516,0.3273072,-0.82705206
0.20942636,-0.40377966,-0.6576457,0.32057258,-0.17628513,0.1005747,-0.6555831,-1.2705574,-0.68585694,-1.7351218
-0.6083714,-0.40128887,0.6305412,-0.16309206,0.6852916,-0.7248043,0.6339281,0.43806976,-1.1718297,-0.30499047
-0.28958693,0.20556122,1.5137615,0.28971928,1.1426575,-0.08493486,1.5226634,-0.17612013,-0.8798256,0.6533683
-0.6837965,-1.4872296,0.9268245,0.03676259,0.42517403,0.39955032,0.9311664,0.2791664,-0.72601336,0.7226826
0.7327534,1.5087668,1.2005467,1.2464627,0.44115052,0.7413468,1.2181512,1.4126725,1.4208512,2.1532295
0.20209451,0.34510335,-0.07637161,0.21241453,0.31235468,-1.300859,-0.07334327,0.25566345,-0.6195688,1.2875956
0.94512635,-0.0646711,0.047655005,0.5955173,-0.30682182,0.46679616,0.034871567,1.2925657,1.0825967,0.87237823
-0.39222047,-0.580312,0.59346724,-0.91185653,0.22193098,-0.94893634,0.5814323,-0.33746457,-1.1736015,0.10933444
0.30666387,0.2044765,0.2848686,0.5921387,0.07122567,-0.7930777,0.2870729,0.09328527,-0.78807575,1.5506375
0.22402236,0.73965836,0.9164444,1.0537542,0.59104884,0.759631,0.9259569,1.256818,0.41203865,0.10283586
0.13284847,0.18616836,-1.1078976,0.05079648,-0.20666842,-0.05682673,-1.1240886,-0.017725568,0.0077252956,0.13419323
0.7768885,0.8169595,0.8517946,1.0361658,0.13728,1.0088109,0.8513058,1.3182006,0.50913393,1.7772064
-0.2668924,-0.0387746,2.1940243,-0.035211835,0.94710565,0.23280595,2.2158802,0.5863167,-0.3489104,0.64910024
1.4888017,0.8344141,-0.056297086,0.7072549,-0.94535714,0.37741277,-0.064286076,0.07078015,0.14985213,1.9255537
-0.3357882,-0.8393573,0.16762155,-0.39880148,0.8320828,0.049777813,0.17186525,0.5117981,0.28542978,-0.122454405
0.9231632,0.29979718,1.1472527,1.2537879,0.61700356,0.15656641,1.1492246,1.5526087,0.15334788,0.82994515
-0.3493579,-0.13585925,-1.3214028,-1.3747499,-0.46105072,-0.5390502,-1.3227665,-0.88185215,0.37112322,-1.6801878
-1.3709984,-1.8395182,-0.7595672,-1.5162861,-0.7074381,-1.1282122,-0.7961265,-1.428873,-0.97772956,-0.6197599
-1.2792718,-1.4512602,-1.6104486,-0.70384586,-0.38623294,-1.4699305,-1.606863,-1.5553164,-1.2059036,-0.57809156
1.5011852,1.1526499,1.0162066,1.2634599,-0.5984706,1.3140593,1.0500265,1.4046279,1.4679829,-0.2328706
2.4703085,1.1411282,1.3819518,1.5125593,0.03682848,1.5080827,1.3786917,1.955711,0.9386034,2.181287
0.12564228,0.70228153,1.0262951,0.7714021,0.39706737,0.7993487,1.0407007,1.1080259,1.5577868,-0.26487958
1.2038472,0.027459593,0.4052743,0.21378146,0.16056503,-0.4173357,0.41754758,-0.2523799,0.7272392,0.8775825
-0.15896066,-0.3904477,0.4719216,-0.7889808,0.8571767,-0.6175743,0.46537504,0.19098718,0.015969085,0.34650886
1.2101355,1.2858312,1.2911164,1.291699,0.5489166,0.87257683,1.3155276,0.8930952,0.60497177,0.319204
-0.78473914,0.09870235,-1.7355636,-0.6641332,-0.15464105,-1.1017652,-1.7278799,-0.8237731,-0.82296765,-1.7403417
1.1763363,1.4129547,1.3309882,1.0012354,0.2621915,1.0330411,1.3202668,1.6082355,1.0891621,1.9885564
-1.776233,-1.670606,-1.2137785,-1.3527225,-0.4272502,-1.2354994,-1.2227539,-1.0349855,-1.2245427,-0.58941495
0.11208454,-0.19307621,0.18779358,-0.4779091,-0.78084767,-0.08858933,0.20354414,0.26823592,-0.9040913,0.6247271
-1.3721175,-1.1099242,-2.052337,-1.9597797,-1.1881926,-1.4799912,-2.0475209,-0.89437956,-0.23409049,-1.6580857
1.7366736,0.87524617,0.91316235,0.7786845,-0.5908405,2.347182,0.8950394,0.99106085,2.044196,2.3901916
1.1381505,1.4273874,-0.1465213,1.0858265,-0.27199903,0.35819992,-0.14996462,0.8409522,1.330936,1.7574265
1.9595242,1.8969096,1.10118,1.160338,0.11819473,1.2916106,1.0901129,1.3900416,0.24336177,0.29588524
-0.8076249,-1.3421011,0.037403177,-1.4933964,-0.0168107,-0.44821706,0.020725433,-0.7539758,-0.1264321,0.47868073
1.7527659,0.71389806,1.0618173,1.4566193,0.22265333,0.7630696,1.0608184,0.98584855,0.5863728,1.9194444
1.3474219,0.9622209,0.170032,0.8143242,0.30518767,-0.25248238,0.15282749,1.6107723,-0.15983073,1.821714
0.8480871,1.2994539,0.29665226,1.199363,-0.19356716,1.2347065,0.31662697,1.4230635,1.0613999,-0.6214484
-1.1191854,-0.7534445,-0.7682033,-1.5157763,0.18960056,0.10715644,-0.7958769,-0.14829624,-1.1451643,0.2984547
-0.3844175,-0.9482815,0.48217303,0.65078634,0.5566512,-0.5133225,0.47702682,0.50014055,-0.7285754,0.28002235
0.40733057,0.40492344,-0.67380184,0.40824276,-0.5354786,0.318689,-0.6655224,0.27162993,0.8880318,0.9828465
0.0949705,-0.27716562,0.2773444,0.19348717,-0.110626146,-0.6294406,0.28068754,0.5877991,-0.16295722,-0.2627237
-0.4593339,-0.57527083,0.896378,-0.49291012,1.4310462,-0.6172057,0.88482195,0.19396527,-0.27453554,-1.101586
0.16791879,-0.021415895,1.1067193,-0.13395311,0.5123039,-0.6026272,1.084116,-0.4492467,-0.49644205,-0.2671573
-0.122887,-0.3685619,-0.6088511,0.2512754,-0.15822725,-0.57874227,-0.6275091,-0.3905586,0.17981328,1.3081242
1.4294143,2.396589,1.8589995,1.4000093,0.45352328,2.237052,1.8973873,1.714582,2.038059,-0.22195075
1.9314437,2.1253572,1.1935166,1.1838009,0.9947377,1.777574,1.2218702,0.95647305,2.052717,0.5833065
0.17782182,-0.36437276,1.028148,0.16873941,0.2875453,1.046867,1.03545,1.3294679,1.042086,-0.476405
-1.2124794,-2.3427293,-1.0729432,-1.8909417,-0.21282157,-2.0718906,-1.0814356,-1.4424648,-1.7278272,0.21848565
1.5945659,1.2578996,0.46668884,0.80203986,-0.20000932,2.1507633,0.5122684,-0.2268677,1.4117137,-1.0575069
-0.61718774,-0.08776944,-0.8995576,-0.52456915,-0.6324717,-0.15370381,-0.86596245,-0.8366831,0.5255366,-1.070827
-0.6254015,-1.1995702,1.1487464,-0.08634556,0.5007453,-0.0051607573,1.143625,0.15227737,-0.43660408,0.54640126
0.47852582,-0.347699,0.67617774,-0.101422064,1.0079647,-0.4933117,0.6542584,0.02124704,-0.059777882,0.51657695
0.68707097,-0.22575377,0.5733253,0.773335,0.5820646,1.0845659,0.5509955,0.48334354,1.0894808,0.44561633
-0.8277596,-0.14749935,0.40558454,-0.7917869,0.4234626,-0.83005863,0.4014383,0.03415135,-0.19555174,-0.79425776
-0.4011689,-1.4459643,0.75845045,-0.34634545,0.6478779,-0.6894143,0.7762424,-0.90943485,-1.0127615,-1.3580133
1.455225,1.6877488,0.7574986,1.033433,0.6470576,1.435304,0.7746736,1.0697732,0.6156913,-0.7233124
0.029399958,-1.0726525,0.5254855,-0.64060324,-0.39042664,-0.7469292,0.5659427,0.19295275,-0.5204116,-0.31521574
-1.017715,-0.61294377,-0.100187734,-0.9661865,-0.3228343,-0.57755935,-0.121299766,-1.3031806,-0.7564353,-0.17277296
0.57950425,0.0016330632,0.97152096,0.3373809,-0.078618124,0.22876914,0.979965,0.76114964,-0.3695268,-1.0096929
-0.44179532,0.049237236,-1.6888222,-0.041075207,-2.0646274,0.29031155,-1.6696136,-0.5989899,-0.91231215,-1.7442244
0.09736817,-0.77207667,-1.4895103,-0.4500203,-1.4707179,-1.055658,-1.4660416,-0.70666915,-0.93987274,-0.9547573
0.92938375,1.777644,0.4230311,1.1076587,0.20273726,0.60391504,0.40456432,0.7447421,1.0055323,1.1188642
-1.5178542,-0.059805475,-1.7503269,-1.6205128,-0.13154387,-0.7782432,-1.72437,-1.2795798,0.019864352,-1.7758647
-0.9597032,-1.1431006,-0.9912461,-1.1523321,0.35539365,-1.7190393,-1.0001968,-0.7646944,-1.2363962,0.23423694
1.0412455,0.90355104,-0.17063995,1.4637401,0.8754684,1.7254696,-0.185803,1.3872594,1.8775973,-0.65278226
0.0064361673,-0.33228624,0.44524473,0.54721403,-0.39227447,0.42502886,0.44430244,0.46386987,-0.09687374,-0.02998691
1.5359387,1.1033244,1.2398326,1.847006,-0.097962305,1.1964393,1.2392917,1.7750719,1.694681,2.3291385
-0.2699287,-0.68393713,-1.8323544,-0.19665433,-0.7296611,-1.2016315,-1.8393359,-0.9881879,-0.8032164,-0.9449953
1.8312626,1.7612772,1.2627457,1.440714,0.33622655,1.2080127,1.2671403,1.3099049,0.47739652,0.4296271
-0.80166405,0.48092937,-1.0745841,0.55548996,-0.8982298,-0.263256,-1.0595403,-0.37745243,0.085536785,0.1152438
-0.97851294,-0.12479647,0.023741324,-0.04309228,-0.27219775,0.18273862,0.055645317,-0.03182052,0.58224446,-0.7279618
0.012739332,1.1806438,-0.105991066,0.27312395,0.6200282,0.8836166,-0.07165583,0.58226603,0.54948777,-1.0054839
0.539283,0.9445822,0.08139664,0.59785205,0.4235006,0.29204124,0.09336359,0.46797776,0.72885424,-0.14933535
1.488456,0.780917,0.114048734,0.97666425,-1.2699116,0.6951799,0.11750245,1.0483173,1.422576,1.2894644
-0.9891666,-0.48104423,-1.8069983,0.04392637,-1.2984344,-0.31157956,-1.8022361,-1.0902513,-0.39613578,-1.6310892
0.56198597,-0.29032815,0.8902297,-0.18568556,0.61237866,-0.0029547377,0.8807229,1.112424,-0.113244705,1.0953332
-1.1497469,-0.9515714,0.6282356,-1.4800754,0.86534727,-0.6160669,0.5926932,-0.29512507,-0.66961664,0.5398659
1.2306948,1.4438534,0.37863082,1.0888237,-0.32116988,0.35730356,0.36472315,0.0059372745,0.88375163,1.7024724
1.462017,1.8089826,1.4161336,2.1436307,0.011286532,0.6776889,1.42548,1.1715252,0.33542576,2.0643692
-2.0796463,-2.0436528,-1.2380962,-2.237912,-0.60819554,-1.296419,-1.2178797,-1.0787507,-0.24466573,-0.323784
-0.7439728,0.102439314,0.5187975,0.37383658,1.2307361,-0.5756799,0.5435782,-0.3674174,-0.17301239,-0.5551342
2.3923519,2.1172888,1.1108476,1.7349991,0.705623,2.0991578,1.1009514,2.074571,2.3039749,0.329713
0.18802342,-0.4196533,0.22591393,0.40642112,0.8986661,0.7926049,0.19156392,-0.67820144,0.19006075,0.3371166
-1.1045899,-1.6116922,-0.63463086,-0.9601935,-1.1792585,-0.80400455,-0.6143555,-1.2972485,-0.77155304,0.625933
0.55422574,0.55892235,0.7247864,0.6549565,1.0216614,0.5456442,0.7528399,0.6240305,0.6324948,-0.3608265
1.7977202,1.3869482,1.0357156,2.2565558,0.14601597,1.2406113,1.0409565,1.3865656,1.483812,2.6097517
1.387428,0.7617625,0.2743153,1.7111833,0.045724716,0.5930409,0.28570366,1.5727187,1.1608278,0.59708047
0.771344,-0.04458993,0.16095644,1.1432731,0.9236343,0.33860704,0.19092013,0.38200897,0.50625205,-0.41105714
-0.7672049,-0.39841864,-1.6561488,-0.3131586,-0.7529844,-0.31689203,-1.6541811,-0.64588606,0.14974564,-1.7007104
0.34962222,0.84399056,0.9106653,0.6296205,0.6013236,1.9646108,0.92141515,1.531133,1.7775522,-0.8452937
-0.4476945,-0.79309773,-0.7561072,-0.045203373,0.75282675,0.14837788,-0.8057035,-0.5804926,0.41974446,-1.2343409
0.36527273,1.3583975,0.9862798,0.8511057,-0.03781798,0.9541139,0.9972424,2.2350655,0.43993434,0.19061877
-1.1902041,-0.3603945,-0.4842792,-0.46342525,-0.07311041,-0.52435255,-0.45370412,-0.60103625,0.025621824,-1.3805122
0.023740422,0.38657337,1.3225319,-0.51772016,0.1584713,-0.05978267,1.3254477,0.21342722,-0.9439529,0.080877654
1.238749,1.2599823,1.2151358,1.0365468,0.12877713,1.2662783,1.2143364,1.7762607,1.1178019,-0.24088286
0.74638134,0.783614,0.62818724,1.417537,0.7723964,1.0902175,0.67926913,0.6627085,0.7301352,-0.102747895
-1.2374423,-1.0118313,-0.50904626,-1.0306666,-0.017068693,-1.4321715,-0.5019241,-0.7261756,-1.2558165,-0.25748834
0.003721375,-0.13719785,0.77758896,0.06830814,1.3099463,0.51649404,0.7535239,0.4473921,-0.74059004,0.64948523
-0.8392031,-0.32358137,0.79589534,-0.6100089,0.2719203,0.051131915,0.77726316,-0.3794998,-0.22490239,0.6966599
-0.26801267,0.28379023,0.3540495,-0.077336974,0.7836771,0.42110708,0.3469045,1.5010456,0.42916644,-0.3801827
0.40028986,0.47260737,0.64364076,1.2323859,-0.49449676,0.26746544,0.64154214,0.2667613,0.30322254,-0.0033805757
1.3676445,0.88395387,1.0586973,1.2515844,0.71495944,1.1885569,1.0800706,1.0442967,0.31194735,2.7403631
1.1199825,1.2980746,0.85332936,1.3202436,0.12182024,0.23786022,0.8719824,0.31329829,0.1809916,1.3542582
0.40669662,0.14065465,0.9971847,0.7618615,0.5244604,0.874268,0.98884624,0.5676051,0.054211162,-0.38921347
1.3200488,1.3656683,1.9071974,1.5169762,0.7979277,0.20820725,1.9279896,1.3572326,0.15577929,1.2570217
0.4263806,0.78443,-0.8264863,0.7543234,-0.9857254,-0.92636716,-0.8299474,-0.45651466,0.2492874,0.29361793
-1.6690447,-1.7107676,-1.9500496,-1.4597768,-1.3115438,-1.1012777,-1.9538889,-1.358063,-0.23388872,-1.767388
1.6086619,1.660998,0.4602887,1.5249853,0.10359522,1.2705904,0.47369716,1.4566981,1.8640885,0.5063142
1.1650715,0.6364838,0.4714098,1.7755737,0.69909936,1.4062607,0.49514583,0.12570232,1.933818,0.61761236
-0.042788636,0.079039425,-1.8909625,-0.09552196,-0.60574424,0.4402358,-1.87835,-1.1881887,1.1696526,-0.80291903
-0.19296148,-0.11146043,-1.7153873,0.49808177,-1.1287626,0.6689323,-1.6792929,-0.7661195,0.98907715,-1.395794
-0.7006966,-0.17612125,-0.061690167,-0.6523716,0.22941251,0.35135984,-0.06801179,-0.44304305,-1.4226099,0.31517825
-0.87568945,-1.8255835,-0.2872449,-1.4760591,0.26545388,-0.68199635,-0.2599412,-1.2491976,-1.3098174,-0.012824372
0.4364038,0.6087692,-0.63880247,1.7805989,0.5881942,0.45998937,-0.63598055,-0.29474652,0.7121896,-1.2297997
-1.2140787,-1.6860552,-1.2940354,-1.7153653,-1.6434042,-1.7507781,-1.2846845,-0.30256522,-1.8669202,-0.48071936
-0.18356521,-0.39298075,-2.2467928,0.4043465,-1.740923,0.1098761,-2.2539907,-0.4297639,1.1404865,-1.1218305
2.024547,2.6132803,1.0872954,2.2208636,0.34073395,3.0762722,1.0752958,1.376637,2.5921288,1.2403907
-1.1889648,-1.006308,-1.4186391,-1.4887885,0.030393396,-0.8946796,-1.3959123,-0.8396384,0.1802227,-1.3591268
-0.7564435,-1.0336603,-0.30535117,-0.84376085,0.36519668,-0.4162886,-0.35720488,-0.8190441,-0.55148417,0.23222028
-0.81316835,0.17907792,-0.031037109,-0.04804409,-0.3642807,-0.5382206,-0.021742951,-0.26129085,-1.3338717,0.9921974
0.77080214,0.14254886,0.2674305,0.03658183,0.7412071,0.057916496,0.2690259,1.2238524,0.027810553,1.6461043
-0.68604004,-0.2497551,-0.3692351,-1.5128752,0.34606677,-1.0255187,-0.3818332,-0.17232154,-0.78091884,0.6086208
0.92680305,0.59586877,-0.16952199,1.1621665,-0.18714976,1.1969156,-0.12674724,0.18358141,0.89474595,0.045649484
-1.5673478,-0.339227,-1.4741292,-0.54445845,-1.2631056,-1.2308065,-1.4286077,-1.0464573,-0.7795373,-1.1398461
-1.5355015,-1.3295838,-1.541616,-1.5257593,-0.95073074,-0.5265213,-1.5406247,-2.121552,-0.4297592,-0.26280236
-0.58704543,-0.47547618,-0.69838226,-0.24734883,0.050394513,-0.7991849,-0.65888584,-1.2740575,-0.3285647,0.09055662
-0.004791528,-0.26496798,-1.216223,-0.62418616,-0.4167901,0.3480072,-1.2248499,-0.035461705,0.51692593,-1.2702451
0.4319799,0.4884173,1.1535425,0.19030762,0.31194493,0.552121,1.1484659,0.6921996,-0.6371147,0.44115376
-0.76448774,-1.5244137,-0.56451494,-1.6220889,-0.5596592,-1.3758487,-0.55770874,-0.3521738,-1.5524424,-0.4336791
-0.1515233,0.5836965,-1.6772321,0.12152793,-1.1248487,0.20059775,-1.6585593,0.09971138,-0.15097164,-1.7389227
0.96200424,0.9702879,1.4278462,0.10526707,0.7997391,0.8095883,1.4398848,0.6065667,0.046601065,0.8936661
-0.17292808,-0.33439237,0.96435595,-0.5069138,0.6947324,-0.98580945,0.94882005,0.23598687,-0.017271416,0.5272675
0.7855535,0.7394622,0.81855184,-0.06474455,0.44934326,1.0502735,0.81049263,0.87324035,0.57102746,0.5374448
0.73920053,0.29802677,0.47424304,1.1847259,0.62068874,1.1927167,0.47079048,0.72186637,1.7260842,-0.7169393
0.5141638,-0.4365418,0.5658674,0.60382986,-0.78418714,-0.25091243,0.56057,0.1573879,-0.2675703,0.82199997
-0.809574,-1.5452219,0.427478,-0.59980786,0.45168236,-0.9446652,0.40537527,0.2833861,0.14108767,0.9571022
1.5102544,2.52689,0.33975247,0.8671945,0.35097557,1.3152134,0.36929652,1.5543718,1.0755421,0.0758368
0.19518943,0.8622494,1.5148038,0.1856438,0.28821734,0.05300848,1.5357326,0.5011197,-1.101424,1.7188255
-0.13283621,-0.06432512,-0.41186818,-0.22690342,0.27290347,-0.16408367,-0.4133979,0.11301528,-0.67110443,-1.2748224
0.7310094,-0.44193336,0.040021382,0.5153256,0.43266407,0.64670473,0.035665967,0.087244496,0.24622393,-0.47402695
-0.122713275,-1.1040542,-0.9302548,-0.036736708,-1.0672915,-0.6678922,-0.9004756,-1.3494776,-0.3103138,0.27754068
0.20663714,-0.5914174,-1.4490737,-0.13424538,-0.539302,-1.0070952,-1.4624685,-0.94250983,-0.94213396,-1.5168915
1.1461742,-0.40280566,-0.5245922,1.4889867,0.3499973,0.028933391,-0.5201903,0.43852258,0.9868948,0.91787666
0.24766546,0.8668457,-1.011939,-0.023226142,-0.34583277,0.9868477,-1.0650387,0.62677056,1.7568232,-0.7568276
-1.8383107,-1.0802311,-0.61615777,-1.1037898,-0.2674293,-0.84673274,-0.60455245,-0.6010431,-0.888759,-1.1242064
-1.2773464,-0.78936046,-1.5826129,-0.58572185,-0.17984049,-2.2767055,-1.5706763,-1.7378689,-1.5704376,-0.6951823
-0.3695468,-0.87115806,-1.1789534,-0.85230345,-1.6024222,-0.61693555,-1.1638278,-0.1559411,0.5841117,-0.07897206
-0.43812412,0.1835377,0.25688905,0.50578266,-0.6058197,-0.67862314,0.2752715,0.7631132,-0.7520357,0.06418377
-0.6059783,-1.2471418,-0.23874797,-1.327263,0.4368101,-0.87656707,-0.25507438,0.08093214,-0.9812371,-0.0678416
0.59343934,0.5358996,0.712907,-0.57016253,0.86465573,0.05047752,0.7121877,0.3092714,-0.210346,0.5770114
1.4689827,2.4896047,0.35182342,1.3262143,0.38648576,0.87926847,0.3444128,1.0472505,1.1057315,-0.16453198
0.28725055,1.2065165,0.47262952,1.3006164,0.13053116,0.3238046,0.49173388,0.9258258,0.6802185,1.6020746
0.88665056,0.42413035,0.95291585,1.775529,-0.38886744,0.571803,0.95379037,0.99170697,0.4156934,1.9734297
-0.74603826,-1.9381795,-0.30914846,-0.693028,-0.27541795,-1.2263639,-0.33113405,-1.1017184,-1.4270192,0.17258316
-0.8572177,-0.08207941,1.0360974,-0.8738907,-0.30518684,-0.00084113167,1.0299902,-0.30148458,-0.6463738,1.0235548
-0.39100516,-0.6231022,0.9726721,-0.5247952,0.45650023,-1.067009,0.9920612,0.54819834,-0.8556853,-0.30395603
-0.5324138,-0.6825918,-0.61658174,-0.29566237,0.3889854,-0.48380956,-0.6589817,-0.3691653,0.07437056,-0.55499685
0.03702172,0.91265666,0.6021085,0.61034536,0.7047413,1.7737017,0.59659874,0.004594004,0.5748869,-0.48784882
-0.019962363,-0.10408017,-0.2794327,-0.024571108,-0.5405199,0.21950303,-0.3044779,-0.043888323,-0.91179514,-0.2043143
-0.4758773,-0.7909293,-0.91575986,-1.0368736,-0.2989963,-0.6227098,-0.9173531,-0.63945293,-0.04305551,-1.06863
-0.8361279,-0.0052572354,-0.7904076,-0.45359617,-0.21313196,-1.3612558,-0.7931649,-1.1302433,0.0019152622,0.36849532
-0.26131663,0.3635129,0.86007065,-0.77644163,0.46027753,-0.5259964,0.84930784,0.9416974,-0.9681571,0.24728024
0.43745667,0.83189404,0.2679992,0.66469634,0.54024154,0.8269851,0.30461863,-0.04289173,1.0596861,-0.96492785
-0.70687795,0.069449075,0.9296259,-0.4921328,1.5843558,-0.68869895,0.9273772,-0.21657033,-1.5692272,-1.2565984
0.10560916,-0.11988353,-1.892223,-0.24888963,-1.5120058,0.28638327,-1.8750578,-0.49300355,0.7916827,-0.7714401
1.3848333,1.1402059,1.4205496,1.5858396,0.8230989,1.1247433,1.4115899,1.1759617,1.0450413,1.9462178
-1.4157856,-0.5511562,0.32331437,-0.61307544,-0.12875183,-0.017642746,0.33273464,-0.80855167,-1.0345266,0.13720192
-0.590105,-0.39172235,-1.2480206,-0.5375471,0.00052534137,-0.13423063,-1.2238203,-0.2633566,0.68884593,-0.74277526
0.6633966,0.005714423,0.70784396,0.8633656,-0.2939136,0.41305825,0.68295854,0.5095712,0.14118372,-0.14670095
-0.4992697,-1.0429935,0.42472932,-0.24783573,-0.4042678,0.055602312,0.38942572,-0.7619148,-0.87566876,0.13284412
-1.9016342,-1.2576021,-2.5049558,-0.8110645,-1.5085217,-1.1645046,-2.518373,-1.9667953,-0.81048036,-2.2322423
1.2863312,-0.41729537,0.9754675,0.28007004,0.11141503,0.80589837,0.96528506,0.33196884,-0.66324717,1.1878601
-0.47671387,-1.0129222,-0.918297,-1.0001736,-0.45275456,0.4376974,-0.9325387,-0.70081466,-0.6142408,-1.209264
-0.63127536,-0.20862956,0.28326258,-0.4814967,0.5498293,0.3775835,0.26465678,-0.68860036,-0.29128033,0.15298998
-1.6439681,-1.7052151,-1.9443327,-2.1533659,-0.3405063,-1.9536998,-1.9237671,-2.3762484,-1.4285315,-1.7750354
0.0706021,1.035023,0.7414443,0.9778292,1.1200246,0.08437039,0.78175956,0.6671964,0.6316308,-0.15542066
0.2956979,0.13278085,0.10103579,0.20111191,-0.27226698,0.10066261,0.103074305,0.8254473,-0.34859905,-0.93931466
-0.069708005,0.4149792,-1.6510997,-0.6217764,-1.1262128,0.007078072,-1.6181134,-0.38970953,1.0596155,-1.0459412
0.18986279,0.4847014,1.0534759,0.5977261,-0.43608925,0.4376671,1.0351232,0.9600344,0.20762469,1.363693
0.25217786,0.078570984,-0.05043406,0.0070861527,-0.7582819,-0.015861172,-0.07191055,0.16565521,0.97951233,-1.3658048
0.35888425,0.38700396,1.0664914,0.67168653,1.0993615,0.5678781,1.0805305,-0.23059443,0.75352734,0.90858203
0.2910868,1.2109965,-0.31507313,1.1392154,-0.07736104,0.42580673,-0.31322777,0.42533582,0.52521104,2.1917663
0.5580186,1.0873798,0.7661635,1.5273266,0.5818749,0.5165546,0.78908956,0.92738456,0.47241005,-0.645865
1.0331175,-0.57003444,0.7594941,0.22693276,0.460528,-0.058350243,0.77256954,0.7327915,-0.35928977,0.765471
0.7121086,0.26315656,-1.2598685,0.3803738,-1.6413046,0.8694815,-1.2315294,-0.358015,1.3323375,0.63133717
0.26572403,0.7086739,0.61435,0.78157353,0.2640996,0.35117903,0.61291546,0.5709504,0.30964506,-0.19320518
0.1590075,-0.7098705,0.6231602,-0.6741488,0.2768804,-0.000878287,0.5809736,0.23452105,-0.48434642,0.079922594
0.35489947,-0.03443681,0.13826132,-0.13702963,0.5988434,-0.13421619,0.10917902,-0.012879589,-0.13702315,-0.54764986
1.2388322,1.4884132,0.64240927,1.1426634,0.20808494,1.1231339,0.61758125,0.7501686,0.7609327,1.815112
0.81451607,0.41246295,0.88621545,0.650867,0.1042548,0.48265252,0.89320266,1.315014,-0.21035723,1.5012375
-0.9675,-1.0347576,0.3443013,-0.99560726,0.20701411,-0.8376842,0.33201572,-0.10988194,-1.0593879,0.5296596
0.6969519,0.26547584,0.40595013,0.23192528,0.23904505,0.69483215,0.43324748,0.5696151,-0.08739113,-1.0172921
-0.7269166,0.87197775,1.7722708,-0.18189669,0.5871868,0.87779945,1.7731647,0.77373314,0.21159892,0.6042555
1.2961757,1.1259499,0.39269337,1.0633345,0.027499378,0.5808737,0.3900635,-0.22256562,0.8488851,1.1855602
-0.5268103,-0.64542866,-0.061309457,-0.81464237,0.08182023,-0.4982873,-0.067890435,-0.3012148,-0.4952063,-0.3112473
-0.7771579,-1.5351015,-1.3779322,-0.3951128,-0.6723178,-0.07348187,-1.3917388,-1.3351276,-0.395348,-0.8973728
0.85837,0.10888281,-0.06505873,0.9951565,-0.5324537,1.6716527,-0.027725354,0.41108924,1.8083814,0.11116933
0.48640305,1.3571091,0.77355796,0.907288,0.45986453,0.7862557,0.79155195,1.1557285,1.8870715,1.3964558
-0.18284453,-1.0785533,-0.111973435,-0.33907714,0.6107303,-1.1437173,-0.1363719,-0.31915534,-0.3803504,0.22481614
-1.815587,-1.6486763,-0.0774702,-0.8416077,0.4271354,-1.3750933,-0.044288777,-0.5929644,-0.6439186,-0.77124095
-0.86861324,-1.3002522,0.26995257,-0.58651334,1.111851,-0.80739826,0.29090038,-1.4184475,-0.41064757,-0.67850214
0.7041503,0.4244679,-0.86925715,1.4670094,-0.60996205,1.3071018,-0.87183094,0.27431434,1.3059067,1.5657482
0.07089568,0.18424633,0.63675743,0.6120357,0.13224007,0.48465672,0.64451563,0.6459101,0.29480404,1.9629831
-0.91684484,-1.6089412,-0.8176475,-1.386093,-0.18287553,-1.4897828,-0.8046087,-1.6799252,-1.2556475,-1.809694
1.1319757,0.7673953,1.253573,1.3990604,0.15608165,0.784864,1.2386827,0.9977597,-0.6419406,1.1838099
-0.35422218,-0.59970915,-0.2506533,-0.34719974,-0.2382281,-0.32394868,-0.23641911,-0.27136207,-0.3183439,-0.5972053
0.4838243,0.64305025,-0.46214643,0.43452066,0.09787577,0.5619301,-0.46163553,-0.26364887,0.542421,-1.134056
0.03224578,0.4115317,-1.0403159,1.55606,-0.7462238,-0.1594196,-1.0479983,-0.5895169,0.61347026,-1.0768975
-1.1865847,-1.9040114,-1.6396259,-2.0631268,-0.3221686,-1.7854719,-1.6249769,-1.8832304,-1.2638148,-1.5956403
-1.3097746,-1.0886533,-1.095069,-1.3576496,-0.8439133,-1.2634333,-1.0797182,-0.63629097,-1.2789268,-0.425653
0.2569713,-0.34051082,-0.6222388,-0.09232045,-0.8078775,-0.22266059,-0.6107238,-1.0669984,-0.77615243,0.21056767
1.6602645,0.76293075,0.90775985,0.8914898,-0.82849205,0.9352735,0.89570534,0.6383493,0.06525985,1.8640418
1.1804075,1.0222847,0.4439514,0.079842426,0.5303708,0.96213555,0.4460811,0.4840489,0.50638974,-1.2968596
0.57864463,0.91079205,1.1486269,0.76883674,0.34175482,0.9037106,1.1646174,1.2737368,1.2569022,1.0445756
1.0061116,0.6575655,-0.9045518,1.1836213,-0.27853224,0.37722066,-0.9030482,0.651795,0.8308215,-0.85439974
-0.14803018,-0.85607004,-0.25435945,-0.4094444,-0.5096984,-0.5937004,-0.26129818,-0.6005035,-0.017114645,0.65732914
-0.14556639,-0.10141817,1.0044631,0.19487268,1.3198285,-0.24246056,1.0273818,-0.10149611,-0.3125984,0.2338658
-0.7213312,-0.6615858,-0.5824235,-0.24274191,0.38132098,-0.029532425,-0.6138556,-0.27645147,0.2572152,-1.2430558
1.0345228,1.7225657,0.60864323,0.60975254,0.11393902,0.9032755,0.6082337,1.9583485,0.544128,-1.0123879
0.88710815,1.0080652,0.17261748,-0.4515631,-0.41666627,1.5654849,0.1520015,1.0216798,1.1926305,-0.6948791
1.5401456,0.36527282,0.78465784,1.4645851,-0.4624187,1.1860145,0.8216675,0.7459548,0.4730946,1.526895
0.73331743,0.18062787,0.23472624,0.9236714,0.22731966,1.3850377,0.24113396,1.058439,0.99534833,-1.2679751
-1.4339273,-1.4357296,0.6521759,-0.9706867,0.020919293,-0.091889866,0.64611185,-0.9380785,-0.55818874,0.18686782
0.2775363,1.2610265,0.61540747,0.69781905,-0.03276875,1.4787741,0.60279644,0.49341923,0.99942803,0.28872144
-0.32437658,-0.92207915,-0.5244931,-0.9011918,-0.7203674,-0.0504822,-0.53831416,-0.30837774,-0.32810152,0.3651054
-0.88286626,-1.0335885,-1.3252875,-1.1640574,-0.7853807,-1.6893686,-1.3395339,-0.49017447,-1.5532268,-1.1808693
-0.73738813,0.082692206,-2.12878,-1.2685248,-0.913953,-1.2586019,-2.1042297,-1.1064866,-0.09908822,-0.9959877
-1.1912177,-1.1893477,-0.6394774,-0.42876673,0.43841958,-0.49638727,-0.6318875,-0.39273405,-0.2170233,-1.9614125
-1.9865966,-1.5934968,-1.4290892,-2.0797129,-0.46245515,-2.226104,-1.4177481,-1.9380444,-0.75202787,-0.39955667
-0.6770979,-1.323284,0.3025199,-0.32700855,0.68617785,-1.1453267,0.27553397,-0.3653105,-2.4568691,0.35674292
1.0507152,1.8277258,0.7169469,0.70459753,0.32770503,0.33739287,0.7222583,2.138124,0.292888,0.43013018
1.6190295,1.5910707,1.0502026,1.5509913,0.14632466,1.6805055,1.0330462,1.2554669,1.2791219,2.3188488
0.7781222,0.7020192,0.4073929,0.69069546,0.39544928,-0.083461024,0.427559,0.77685046,-0.16869257,0.29445913
-0.28577143,0.489613,1.0523688,0.44034258,-0.3241706,0.3976428,1.0690548,0.48016745,-0.81111103,-0.9985275
-0.26914826,0.07172889,0.03939711,0.43137452,-0.5840306,-0.14246967,0.07484089,0.13364924,-0.024326056,-0.9098489
0.74110425,0.115272276,-0.13623126,0.5722599,0.102120526,0.07141292,-0.1301424,-0.031531777,0.012083662,-1.0875857
-0.06966406,-0.70388764,0.58030856,-0.4009673,0.108429834,-0.330985,0.5698667,1.3802485,0.13223456,0.6343492
-0.2980935,0.33037904,-1.0822643,-0.2508971,-0.21689698,0.66586983,-1.0637772,0.054484606,0.08531635,-0.54545516
0.39612427,-0.35596618,0.059578728,0.1831306,0.20633374,0.31206357,0.07304174,-0.19531123,-0.21930707,0.8049363
-1.5806844,-0.9656886,-0.46378145,-0.8499438,-0.25411335,-0.8532498,-0.44648302,-1.1662478,-1.2781131,-0.33041143
2.0879126,1.4027569,1.0538018,1.5582135,-0.24728161,0.9978761,1.0660055,0.9316298,1.0339717,0.27457836
-1.5506077,-1.139543,-0.6431899,-1.616228,-0.025092121,-1.1093258,-0.64783573,-0.8933713,-1.3399556,-1.5284414
-0.31130493,-0.6232496,0.7427839,0.08659237,0.53956294,-0.8380935,0.73871124,-0.86799425,-0.4281153,0.5522857
1.8411765,2.0431921,1.493214,1.4969662,0.5291789,1.4170253,1.4932283,1.1785502,1.7443923,0.6337375
-0.953188,-1.3619976,0.49679598,-0.5436152,0.9545902,-0.48983476,0.4727257,-0.5660526,-0.55241925,0.28737548
1.1122975,0.45776263,0.09329209,0.031528167,0.60111487,0.4089967,0.076287076,0.45710963,0.41530484,-0.88933367
0.8183027,0.70634454,-0.113275364,0.9272715,-0.4330078,0.7477935,-0.13443963,0.33891696,0.5490481,1.3714677
0.0701113,0.23376979,-0.10588242,0.28085494,-0.20355128,-0.18236361,-0.08636901,1.0807781,0.47865945,-0.6411798
1.2042863,0.9867033,1.5318346,0.82041633,0.6148175,0.14169456,1.5423847,0.9797985,-0.8865711,-0.060064167
-1.0775325,-1.5719243,-1.0460181,-0.6609603,0.12787071,-0.68941844,-1.0309,-0.9446183,-0.2317561,-0.058773436
-0.8487604,-0.83894706,0.2732206,-0.60684264,-0.22150525,-0.0691836,0.24403161,0.0037350394,-0.9479275,0.37261808
-0.49790323,0.28423813,0.8330055,0.16973805,0.08410391,-0.12433675,0.8480228,1.0061089,-0.6453984,1.1246686
0.1348434,0.18436868,0.2677034,0.25547817,-0.15308847,-0.8615508,0.2555895,0.3740741,-0.15087952,1.3346709
-0.11282853,-0.2612694,-0.1804093,0.22195385,0.017809674,-0.3949743,-0.16658837,-0.724411,-0.093524754,-0.3406066
0.4759516,1.4982915,1.3539927,0.28606105,0.5017144,0.35428104,1.3596133,0.9379409,0.92065,1.3777791
-0.16590928,-0.11108018,0.264173,0.3289569,-0.30256087,-0.42089212,0.2761509,0.20079035,-0.85912097,-1.1957483
0.7817084,-0.2494189,-1.32594,0.19003068,-0.9110749,0.06209082,-1.2993882,-0.69765645,1.2848929,-0.47437823
0.15641871,0.2574741,-2.2911131,0.015503449,-1.0661389,-0.4801686,-2.292674,-0.797435,0.89658356,-1.459236
1.5045733,0.8663695,1.5448939,1.3524343,1.2206339,0.3874449,1.5523516,1.2519075,1.6352776,2.595162
-1.1520622,-1.004738,-0.3373888,-0.9863889,0.46311194,-0.83227247,-0.35352197,-1.2406218,-0.5508453,-0.6330091
0.2670004,0.052927017,0.4994842,-0.02404274,0.39870018,0.8039457,0.51738113,0.22330919,-0.0056371,-0.06352723
0.7122961,0.6292567,-0.44551703,0.99042135,-0.20729294,-0.035577632,-0.46192405,0.12391278,0.80354965,0.9387012
-0.6599355,-0.43615744,-0.24689567,0.26837313,0.54074705,0.1758269,-0.2333243,-0.44969237,-0.76771784,0.50580853
-0.1878753,0.16005453,1.2915169,-0.67753905,0.17125413,-0.3883194,1.2846355,0.106697485,-1.1555829,0.52865636
1.2109685,1.7441751,-0.07878703,1.0213054,0.04137875,0.83678097,-0.07043367,0.7113204,1.1024482,-0.91534466
-0.88676333,-0.9837674,0.27352834,-0.5595495,0.50816053,-0.42424142,0.29851812,0.20557521,0.17744046,-0.63020265
-0.92299604,-1.0654298,-1.8611145,-2.0211833,-1.894352,-0.9423204,-1.8753425,-2.7943451,-0.9272449,-0.6529345
-0.019540152,-0.5233392,-1.2237936,-0.47752967,-0.80639493,-0.06195152,-1.2227567,-1.1365175,0.40260178,-0.07259219
0.0030124374,-0.21221527,0.02427354,-0.09809906,-0.27531824,-0.43179604,0.00091756973,-0.1993306,0.3693332,-0.36636394
-1.2548883,-1.0562829,-1.9649239,-1.4701977,-0.46933523,-1.2038491,-1.9770752,-1.9054056,-0.61533606,-1.9598056
1.1942203,2.275962,1.7251384,0.80918634,0.7073768,0.35877016,1.7200254,1.3796703,0.5113366,1.034472
0.44566852,0.8240833,0.2626145,0.78870517,-0.6248111,0.33877254,0.2733425,1.0483596,0.33227098,1.6507734
-0.23396005,-0.7504135,0.15650642,0.45153084,0.33261144,-0.05974377,0.13057438,0.5736319,-0.2029974,-0.67965376
0.5279759,1.3623316,0.9374319,-0.006327425,0.22175477,0.1079935,0.9466683,-0.5573387,0.3170158,-1.4383272
0.24161372,0.38102165,1.0448438,-0.29790765,0.68585914,-0.86529773,1.0587145,0.22270226,-0.8045717,0.78751165
0.8709267,0.030867957,1.067897,-0.7349387,-0.16495977,0.68288314,1.0653536,1.2488095,0.82123095,-0.13798368
1.4010172,0.4577558,0.713911,1.1228162,0.17448069,0.15717866,0.7065065,1.8835375,0.48850536,0.78626686
0.5787471,0.17501384,1.2968223,1.0457104,0.68819183,-1.2646108,1.3164238,1.5020342,-0.3645851,1.1333228
0.06807961,0.4708623,0.04865991,0.34137788,-0.48557347,0.36721066,0.030729659,0.91643184,0.14568606,1.4769326
-1.4506257,-1.3002355,-0.5551147,-1.5763651,-0.06946016,-0.67112815,-0.52740926,-1.3499335,-1.1577781,-0.9616319
0.25367558,0.38761196,-1.4406483,0.08964334,-0.8163111,-0.23425278,-1.4298602,-0.08185699,-0.19424766,-0.68515587
1.5992734,1.4287373,0.7744941,1.008096,-1.1075457,1.157346,0.774762,1.4179908,1.1632211,0.9786955
1.0760238,0.51311433,0.22341554,0.015932249,1.0578667,1.5444183,0.20096716,1.1480381,0.46050066,-0.72784036
-1.9038048,-0.8485402,-1.8326203,-2.3829086,-0.6283227,-1.7873852,-1.846882,-2.0420365,-0.7091478,-1.4106121
1.5517323,0.9129354,1.0363642,1.0612051,-0.05575874,0.48092273,1.031183,0.5316402,-0.1317695,1.8010937
-0.26740137,-0.047186933,0.46386337,-0.096033305,-0.44783363,-0.56481564,0.4315904,-0.66223323,-0.56058323,0.5740637
0.16072491,0.48837963,0.58035016,0.018518789,0.86085063,0.102312185,0.58031005,0.6926056,-0.08230606,0.41201475
-0.508181,-0.1464061,-0.53070575,0.5116723,-0.30546883,-0.17811225,-0.54203296,0.3640417,0.3531229,-0.19160269
-0.17682199,0.34384704,0.9784128,0.53811604,0.5206847,0.004745558,0.95792866,0.4955601,-0.048584793,1.4141473
0.90846467,0.5998264,0.43374968,0.5203125,-0.6384699,0.30638653,0.43507308,0.6505323,0.58577293,1.404674
-1.0174158,-0.41184992,-1.1819589,0.00083829975,0.14641039,-1.0762776,-1.1441444,-0.4683861,0.31331176,-1.2834578
-1.1592727,-1.8220698,0.21382934,-1.1221596,0.1386936,-0.6591823,0.18049456,-0.40494716,-0.4945386,0.59012204
-0.46582812,-0.28844437,-0.8703763,-0.48360625,0.15153487,-0.4421334,-0.8822837,-0.851282,-0.34468487,-2.0796237
0.92370814,0.6717072,0.46604976,0.817801,-0.08467514,-0.15572596,0.45684844,1.1837034,0.5598661,1.5081006
0.62388235,0.59516436,1.3417583,0.610994,0.4918938,0.8443341,1.3309305,1.3058501,-0.054698788,1.5048561
0.31887624,-0.1601681,1.0724437,-0.046067014,0.43982008,0.41721585,1.0860482,0.906496,-0.34588298,0.030903047
-1.9941032,-2.1163914,-0.8739515,-1.5689306,-0.93739575,-1.1641521,-0.84019196,-1.4333456,-1.7181809,-0.12019377
0.39378214,0.500033,-0.12717244,0.8997279,0.60849524,0.31077427,-0.14380206,-0.46779084,0.0136941895,-0.93867004
-0.23881331,-0.8624621,-1.4660531,-0.118640825,-1.2453161,-0.26519763,-1.4755961,-0.6436766,-0.07828226,-1.8331577
0.67627925,0.26887742,-0.5389593,0.16952303,-1.0951735,0.038929805,-0.55257607,0.14530343,0.5347625,-0.2519486
0.95124006,0.68313324,0.381586,0.76833534,-0.40769544,0.1185544,0.389965,-0.1301251,-0.027039532,1.7488959
0.039447907,0.31390664,-1.2468808,0.5403683,-0.9330636,0.24085005,-1.2296761,-0.956042,0.18598916,-0.96431684
-0.4131483,0.28195542,0.64213717,-0.05854671,0.539682,-0.43249547,0.6911317,0.90043414,-0.131211,-1.068858
-0.6787859,0.2340693,-0.09928939,0.21888448,-0.75831324,0.35286763,-0.09516968,-0.6945211,-0.813012,-1.1220362
-0.6052871,-0.26210308,-1.7479708,-1.2731434,-0.63696784,-0.11523939,-1.7191395,-1.9930409,0.56177,-0.83382404
-1.4222748,-1.1817442,0.19011264,-1.6514926,1.3496912,-0.082239784,0.21586777,-1.1935484,-0.7894188,-0.645203
0.28600428,-0.83507746,-0.036157604,0.08914241,-0.17636856,-0.18981904,-0.058378886,-0.29460937,0.2160693,1.375585
-1.2950926,-0.19353724,-1.5297048,-0.9184656,-1.6805521,-0.15443306,-1.5118436,-1.1022507,-0.2440458,-1.374894
-1.7873051,-1.4389988,-1.5707409,-2.1473875,-0.9601198,-1.4782447,-1.5846082,-2.0941794,-0.9494099,-0.0057655415
0.8701075,1.3022815,1.2522631,1.1009308,0.9374706,1.7526634,1.24923,0.93035173,1.6023003,0.31406224
-0.59745157,-1.827445,0.6799513,0.033569816,0.07901679,-2.456838,0.6469157,-0.13573623,-1.7384495,0.4121808
1.1159985,0.9155088,-0.002815919,0.39689657,-0.50466853,0.9625784,0.0010620607,0.20390204,1.6031792,-0.10709964
0.5909482,0.31889632,0.71252054,0.6463651,-0.210935,0.46350282,0.71935344,0.9538746,0.071851045,-0.2878262
-0.99428254,-0.5890411,-0.6866408,-1.2245151,0.001385971,-0.24807276,-0.7107748,-0.35052878,-0.7806011,-1.714743
1.125596,1.487634,0.84026366,1.6307248,-0.53250915,1.6042767,0.8694413,0.29673755,1.1378316,-0.034230687
0.6724329,0.23609374,0.1454547,-0.2186726,0.014715173,-0.24992299,0.15203717,0.5426941,0.10821366,-0.38838822
-0.8339531,-1.5635599,-0.68182653,-1.3533407,0.5281044,-0.3443627,-0.7174392,-1.4304023,-0.88346195,-1.2355269
-0.8548172,-1.1395808,-0.3030666,-0.22214667,-0.2746922,-0.0029994128,-0.3028519,-0.23817277,-0.5848475,-1.3790479
0.0078115407,0.0395274,0.8697393,0.24339952,0.7455002,0.21245845,0.84870505,-1.1333078,-0.4453512,-0.30502087
1.5877726,1.0615797,0.17522566,1.1946453,-1.1904303,0.5663909,0.16388558,0.86642414,0.5269043,1.4806308
0.20697083,0.03159918,0.55601484,-0.39774847,1.0198416,0.1430422,0.5022197,0.04688029,0.38559723,0.6730966
-0.68177897,-0.34597966,0.09442639,-0.7470662,-0.289578,-0.6968617,0.105268694,-0.3929484,-0.61711746,-0.56927013
0.7858776,0.42206892,-0.08482903,0.5810951,-0.20669112,1.0572623,-0.06701565,0.43401635,0.43101087,0.44443542
-0.21888041,-0.099638015,1.2174219,-0.26859877,1.4320548,0.28182006,1.2161108,0.2886613,-0.6148925,0.9432536
0.2844509,-0.8251192,0.8364066,0.11826799,0.72928786,-0.95714915,0.8333817,-0.35674137,-1.44571,-0.14820942
-1.9379702,-1.429031,-1.5187643,-2.1522598,-0.9909094,-2.2238777,-1.5058943,-2.164081,-0.82142675,-1.656699
1.7910752,1.867926,0.3687846,1.6454632,0.6738289,0.28286293,0.36087516,1.3234346,0.19534259,0.3726203
0.2914001,0.59998065,1.1394331,-0.3892417,-0.051872127,0.23011774,1.1799917,0.6545783,-0.016136926,1.1710372
-1.4502494,-1.7648836,-1.6204487,-1.9481742,-0.59195393,-2.582676,-1.6031287,-1.4827346,-1.5812957,0.16653115
